/*
 Navicat Premium Data Transfer

 Source Server         : 45.40.196.228
 Source Server Type    : MySQL
 Source Server Version : 50722
 Source Host           : 45.40.196.228:3306
 Source Schema         : xuld

 Target Server Type    : MySQL
 Target Server Version : 50722
 File Encoding         : 65001

 Date: 17/09/2020 23:31:10
*/

SET NAMES utf8mb4;
SET FOREIGN_KEY_CHECKS = 0;

-- ----------------------------
-- Table structure for sys_dict
-- ----------------------------
DROP TABLE IF EXISTS `sys_dict`;
CREATE TABLE `sys_dict` (
  `id` bigint(32) NOT NULL COMMENT '数据主键',
  `dict_group` varchar(64) DEFAULT NULL COMMENT '字典分组',
  `dict_key` varchar(64) DEFAULT NULL COMMENT '字典key',
  `dict_value` varchar(255) DEFAULT NULL COMMENT '字典value',
  `create_time` datetime DEFAULT CURRENT_TIMESTAMP COMMENT '创建时间',
  `update_time` datetime DEFAULT CURRENT_TIMESTAMP ON UPDATE CURRENT_TIMESTAMP COMMENT '更新时间',
  `del_flag` varchar(1) DEFAULT '0' COMMENT '数据删除标记，0正常，1删除，默认0',
  PRIMARY KEY (`id`) USING BTREE
) ENGINE=InnoDB DEFAULT CHARSET=utf8 ROW_FORMAT=DYNAMIC COMMENT='系统字典';

-- ----------------------------
-- Records of sys_dict
-- ----------------------------
BEGIN;
INSERT INTO `sys_dict` VALUES (1278590442028122331, 'sex', '1', '男', '2020-08-20 23:17:53', '2020-08-20 23:19:56', '0');
INSERT INTO `sys_dict` VALUES (1278590442028122332, 'sex', '2', '女', '2020-08-20 23:17:53', '2020-08-20 23:19:58', '0');
COMMIT;

-- ----------------------------
-- Table structure for sys_menu
-- ----------------------------
DROP TABLE IF EXISTS `sys_menu`;
CREATE TABLE `sys_menu` (
  `id` bigint(32) NOT NULL COMMENT '数据主键',
  `name` varchar(100) DEFAULT NULL COMMENT '名字',
  `super_id` bigint(32) DEFAULT '0' COMMENT '父级id',
  `icon` varchar(100) DEFAULT NULL COMMENT '图标',
  `path` varchar(200) DEFAULT NULL COMMENT '路径',
  `component` varchar(200) DEFAULT NULL COMMENT '组件',
  `type` char(1) DEFAULT NULL COMMENT '类型，0菜单，1按钮',
  `sorting` int(11) DEFAULT NULL COMMENT '排序，同级时值越小越靠前',
  `create_time` datetime NOT NULL DEFAULT CURRENT_TIMESTAMP COMMENT '创建时间',
  `update_time` datetime DEFAULT CURRENT_TIMESTAMP ON UPDATE CURRENT_TIMESTAMP COMMENT '更新时间',
  `del_flag` varchar(1) DEFAULT '0' COMMENT '数据删除标记，0正常，1删除',
  PRIMARY KEY (`id`) USING BTREE
) ENGINE=InnoDB DEFAULT CHARSET=utf8 ROW_FORMAT=DYNAMIC COMMENT='系统菜单';

-- ----------------------------
-- Records of sys_menu
-- ----------------------------
BEGIN;
INSERT INTO `sys_menu` VALUES (1266609680929812482, '系统管理', 0, 'book-reader', '/index/system', NULL, '0', 2, '2020-05-30 10:16:02', '2020-06-08 09:31:52', '0');
INSERT INTO `sys_menu` VALUES (1266609686365630466, '用户管理', 1266609680929812482, 'atom', '/index/user', '/admin/user/index.vue', '0', 1, '2020-05-30 10:17:01', '2020-06-06 16:36:21', '0');
INSERT INTO `sys_menu` VALUES (1266609687338708993, '菜单管理', 1266609680929812482, 'atom', '/index/menu', '/admin/menu/index.vue', '0', 2, '2020-05-30 10:17:02', '2020-06-06 16:36:21', '0');
INSERT INTO `sys_menu` VALUES (1266609688373414182, '角色管理', 1266609680929812482, 'atom', '/index/role', '/admin/role/index.vue', '0', 2, '2020-05-30 10:17:04', '2020-06-06 16:40:48', '0');
INSERT INTO `sys_menu` VALUES (1266609688374702056, '默认配置', 1266609688374702081, 'atom', '/index/configure/default', '/admin/configure/default', '0', 1, '2020-05-30 10:17:04', '2020-06-06 16:36:22', '0');
INSERT INTO `sys_menu` VALUES (1266609688374702081, '配置管理', 0, 'dice-d6', '/index/configure', NULL, '0', 1, '2020-05-30 10:17:04', '2020-06-06 16:36:22', '0');
INSERT INTO `sys_menu` VALUES (1269182567884824577, '基础配置', 1266609688374702081, 'atom', '/index/configure/base', '/admin/configure/default', '0', 2, '2020-06-06 16:21:19', '2020-06-08 10:19:55', '0');
INSERT INTO `sys_menu` VALUES (1278585292190367745, '新增', 1266609686365630466, 'plus-circle', 'user_add', NULL, '1', 2, '2020-07-02 15:04:23', '2020-07-02 15:04:23', '0');
INSERT INTO `sys_menu` VALUES (1278585492409663489, '修改', 1266609686365630466, 'edit', 'user_update', NULL, '1', 3, '2020-07-02 15:05:11', '2020-07-02 15:05:11', '0');
INSERT INTO `sys_menu` VALUES (1278585905275977729, '查询', 1266609686365630466, 'atom', 'user_query', NULL, '1', 1, '2020-07-02 15:06:49', '2020-07-02 15:06:49', '0');
INSERT INTO `sys_menu` VALUES (1278586352086794242, '删除', 1266609686365630466, 'backspace', 'user_remove', NULL, '1', 4, '2020-07-02 15:08:36', '2020-07-02 15:08:36', '0');
INSERT INTO `sys_menu` VALUES (1278590442028122114, '查询', 1266609687338708993, 'plus-circle', 'menu_query', NULL, '1', 1, '2020-07-02 15:24:51', '2020-07-02 15:27:42', '0');
INSERT INTO `sys_menu` VALUES (1278590607124316162, '新增', 1266609687338708993, 'edit', 'menu_add', NULL, '1', 2, '2020-07-02 15:25:30', '2020-07-02 15:27:42', '0');
INSERT INTO `sys_menu` VALUES (1278590722295709698, '修改', 1266609687338708993, 'atom', 'menu_update', NULL, '1', 3, '2020-07-02 15:25:58', '2020-07-02 15:27:42', '0');
INSERT INTO `sys_menu` VALUES (1278591081789505537, '删除', 1266609687338708993, 'backspace', 'menu_remove', NULL, '1', 4, '2020-07-02 15:27:23', '2020-07-02 15:27:42', '0');
INSERT INTO `sys_menu` VALUES (1278597717304262657, '查询', 1266609688373414182, 'plus-circle', 'role_query', NULL, '1', 1, '2020-07-02 15:53:45', '2020-07-02 15:55:14', '0');
INSERT INTO `sys_menu` VALUES (1278597870757068802, '新增', 1266609688373414182, 'edit', 'role_add', NULL, '1', 2, '2020-07-02 15:54:22', '2020-07-02 15:55:14', '0');
INSERT INTO `sys_menu` VALUES (1278597954894807041, '修改', 1266609688373414182, 'atom', 'role_update', NULL, '1', 3, '2020-07-02 15:54:42', '2020-07-02 15:55:14', '0');
INSERT INTO `sys_menu` VALUES (1278598043348484097, '删除', 1266609688373414182, 'backspace', 'role_remove', NULL, '1', 4, '2020-07-02 15:55:03', '2020-07-02 15:55:14', '0');
COMMIT;

-- ----------------------------
-- Table structure for sys_role
-- ----------------------------
DROP TABLE IF EXISTS `sys_role`;
CREATE TABLE `sys_role` (
  `id` bigint(32) NOT NULL COMMENT '数据主键',
  `name` varchar(32) DEFAULT NULL COMMENT '角色名称',
  `description` varchar(255) DEFAULT NULL COMMENT '角色描述',
  `create_time` datetime DEFAULT CURRENT_TIMESTAMP COMMENT '创建时间',
  `update_time` datetime DEFAULT CURRENT_TIMESTAMP ON UPDATE CURRENT_TIMESTAMP COMMENT '更新时间',
  `del_flag` varchar(1) DEFAULT '0' COMMENT '数据删除标记，0正常，1删除，默认0',
  PRIMARY KEY (`id`) USING BTREE
) ENGINE=InnoDB DEFAULT CHARSET=utf8 ROW_FORMAT=DYNAMIC COMMENT='系统角色';

-- ----------------------------
-- Records of sys_role
-- ----------------------------
BEGIN;
INSERT INTO `sys_role` VALUES (1266602862673424385, '系统管理员', '系统管理员', '2020-05-30 13:30:31', '2020-05-30 13:30:31', '0');
INSERT INTO `sys_role` VALUES (1266606961674448898, '应用管理员', '应用管理员', '2020-05-30 13:46:48', '2020-05-30 13:46:48', '0');
COMMIT;

-- ----------------------------
-- Table structure for sys_role_menu
-- ----------------------------
DROP TABLE IF EXISTS `sys_role_menu`;
CREATE TABLE `sys_role_menu` (
  `id` bigint(32) NOT NULL COMMENT '数据主键',
  `role_id` bigint(32) DEFAULT NULL COMMENT '角色id',
  `menu_id` bigint(32) DEFAULT NULL COMMENT '菜单id',
  `create_time` timestamp NOT NULL DEFAULT CURRENT_TIMESTAMP COMMENT '创建时间',
  `update_time` datetime DEFAULT CURRENT_TIMESTAMP ON UPDATE CURRENT_TIMESTAMP COMMENT '更新时间',
  `del_flag` varchar(1) NOT NULL DEFAULT '0' COMMENT '数据删除标记  0正常，1删除',
  PRIMARY KEY (`id`) USING BTREE,
  KEY `FK_Reference_1` (`role_id`) USING BTREE,
  KEY `FK_Reference_2` (`menu_id`) USING BTREE
) ENGINE=InnoDB DEFAULT CHARSET=utf8 ROW_FORMAT=DYNAMIC COMMENT='角色-菜单';

-- ----------------------------
-- Records of sys_role_menu
-- ----------------------------
BEGIN;
INSERT INTO `sys_role_menu` VALUES (1270675061449469954, 1266602862673424385, 1266609680929812482, '2020-06-10 19:11:57', '2020-07-02 15:57:04', '1');
INSERT INTO `sys_role_menu` VALUES (1270675061449469955, 1266602862673424385, 1266609688374702081, '2020-06-10 19:11:57', '2020-07-02 15:57:04', '1');
INSERT INTO `sys_role_menu` VALUES (1270675061449469956, 1266602862673424385, 1269182567884824577, '2020-06-10 19:11:57', '2020-07-02 15:57:04', '1');
INSERT INTO `sys_role_menu` VALUES (1270675061457858562, 1266602862673424385, 1266609688374702056, '2020-06-10 19:11:57', '2020-07-02 15:57:04', '1');
INSERT INTO `sys_role_menu` VALUES (1270675061457858563, 1266602862673424385, 1266609687338708993, '2020-06-10 19:11:57', '2020-07-02 15:57:04', '1');
INSERT INTO `sys_role_menu` VALUES (1270675061457858564, 1266602862673424385, 1266609688373414182, '2020-06-10 19:11:57', '2020-07-02 15:57:04', '1');
INSERT INTO `sys_role_menu` VALUES (1270675061457858565, 1266602862673424385, 1266609686365630466, '2020-06-10 19:11:57', '2020-07-02 15:57:04', '1');
INSERT INTO `sys_role_menu` VALUES (1270717578871844866, 1266606961674448898, 1266609680929812482, '2020-06-10 22:00:54', '2020-06-10 22:00:54', '0');
INSERT INTO `sys_role_menu` VALUES (1270717578909593602, 1266606961674448898, 1266609687338708993, '2020-06-10 22:00:54', '2020-06-10 22:00:54', '0');
INSERT INTO `sys_role_menu` VALUES (1270717578913787906, 1266606961674448898, 1266609688373414182, '2020-06-10 22:00:54', '2020-06-10 22:00:54', '0');
INSERT INTO `sys_role_menu` VALUES (1270717578913787907, 1266606961674448898, 1266609688374702056, '2020-06-10 22:00:54', '2020-06-10 22:00:54', '0');
INSERT INTO `sys_role_menu` VALUES (1270717578917982209, 1266606961674448898, 1266609688374702081, '2020-06-10 22:00:54', '2020-06-10 22:00:54', '0');
INSERT INTO `sys_role_menu` VALUES (1270717578917982210, 1266606961674448898, 1266609686365630466, '2020-06-10 22:00:54', '2020-06-10 22:00:54', '0');
INSERT INTO `sys_role_menu` VALUES (1278598551207395330, 1266602862673424385, 1266609680929812482, '2020-07-02 15:57:04', '2020-09-16 18:57:25', '1');
INSERT INTO `sys_role_menu` VALUES (1278598551232561153, 1266602862673424385, 1266609688374702081, '2020-07-02 15:57:04', '2020-09-16 18:57:25', '1');
INSERT INTO `sys_role_menu` VALUES (1278598551232561154, 1266602862673424385, 1269182567884824577, '2020-07-02 15:57:04', '2020-09-16 18:57:25', '1');
INSERT INTO `sys_role_menu` VALUES (1278598551232561155, 1266602862673424385, 1266609688374702056, '2020-07-02 15:57:04', '2020-09-16 18:57:25', '1');
INSERT INTO `sys_role_menu` VALUES (1278598551240949762, 1266602862673424385, 1266609687338708993, '2020-07-02 15:57:04', '2020-09-16 18:57:25', '1');
INSERT INTO `sys_role_menu` VALUES (1278598551240949763, 1266602862673424385, 1266609688373414182, '2020-07-02 15:57:04', '2020-09-16 18:57:25', '1');
INSERT INTO `sys_role_menu` VALUES (1278598551240949764, 1266602862673424385, 1266609686365630466, '2020-07-02 15:57:04', '2020-09-16 18:57:25', '1');
INSERT INTO `sys_role_menu` VALUES (1278598551240949765, 1266602862673424385, 1278585905275977729, '2020-07-02 15:57:04', '2020-09-16 18:57:25', '1');
INSERT INTO `sys_role_menu` VALUES (1278598551240949766, 1266602862673424385, 1278585292190367745, '2020-07-02 15:57:04', '2020-09-16 18:57:25', '1');
INSERT INTO `sys_role_menu` VALUES (1278598551249338369, 1266602862673424385, 1278585492409663489, '2020-07-02 15:57:04', '2020-09-16 18:57:25', '1');
INSERT INTO `sys_role_menu` VALUES (1278598551249338370, 1266602862673424385, 1278586352086794242, '2020-07-02 15:57:05', '2020-09-16 18:57:25', '1');
INSERT INTO `sys_role_menu` VALUES (1278598551249338371, 1266602862673424385, 1278590442028122114, '2020-07-02 15:57:05', '2020-09-16 18:57:25', '1');
INSERT INTO `sys_role_menu` VALUES (1278598551249338372, 1266602862673424385, 1278590607124316162, '2020-07-02 15:57:05', '2020-09-16 18:57:25', '1');
INSERT INTO `sys_role_menu` VALUES (1278598551257726978, 1266602862673424385, 1278590722295709698, '2020-07-02 15:57:05', '2020-09-16 18:57:25', '1');
INSERT INTO `sys_role_menu` VALUES (1278598551257726979, 1266602862673424385, 1278591081789505537, '2020-07-02 15:57:05', '2020-09-16 18:57:25', '1');
INSERT INTO `sys_role_menu` VALUES (1278598551257726980, 1266602862673424385, 1278597717304262657, '2020-07-02 15:57:05', '2020-09-16 18:57:25', '1');
INSERT INTO `sys_role_menu` VALUES (1278598551266115585, 1266602862673424385, 1278597870757068802, '2020-07-02 15:57:05', '2020-09-16 18:57:25', '1');
INSERT INTO `sys_role_menu` VALUES (1278598551274504194, 1266602862673424385, 1278597954894807041, '2020-07-02 15:57:05', '2020-09-16 18:57:25', '1');
INSERT INTO `sys_role_menu` VALUES (1278598551274504195, 1266602862673424385, 1278598043348484097, '2020-07-02 15:57:05', '2020-09-16 18:57:25', '1');
INSERT INTO `sys_role_menu` VALUES (1306185415799185409, 1266602862673424385, 1266609680929812482, '2020-09-16 18:57:25', '2020-09-16 18:57:28', '1');
INSERT INTO `sys_role_menu` VALUES (1306185416319279106, 1266602862673424385, 1269182567884824577, '2020-09-16 18:57:25', '2020-09-16 18:57:28', '1');
INSERT INTO `sys_role_menu` VALUES (1306185416319279107, 1266602862673424385, 1266609688374702056, '2020-09-16 18:57:26', '2020-09-16 18:57:28', '1');
INSERT INTO `sys_role_menu` VALUES (1306185416323473410, 1266602862673424385, 1266609687338708993, '2020-09-16 18:57:26', '2020-09-16 18:57:28', '1');
INSERT INTO `sys_role_menu` VALUES (1306185416323473411, 1266602862673424385, 1266609688373414182, '2020-09-16 18:57:26', '2020-09-16 18:57:28', '1');
INSERT INTO `sys_role_menu` VALUES (1306185416327667713, 1266602862673424385, 1266609686365630466, '2020-09-16 18:57:26', '2020-09-16 18:57:28', '1');
INSERT INTO `sys_role_menu` VALUES (1306185416327667714, 1266602862673424385, 1278585905275977729, '2020-09-16 18:57:26', '2020-09-16 18:57:28', '1');
INSERT INTO `sys_role_menu` VALUES (1306185416327667715, 1266602862673424385, 1278585292190367745, '2020-09-16 18:57:26', '2020-09-16 18:57:28', '1');
INSERT INTO `sys_role_menu` VALUES (1306185416327667716, 1266602862673424385, 1278585492409663489, '2020-09-16 18:57:26', '2020-09-16 18:57:28', '1');
INSERT INTO `sys_role_menu` VALUES (1306185416331862018, 1266602862673424385, 1278586352086794242, '2020-09-16 18:57:26', '2020-09-16 18:57:28', '1');
INSERT INTO `sys_role_menu` VALUES (1306185416331862019, 1266602862673424385, 1278590442028122114, '2020-09-16 18:57:27', '2020-09-16 18:57:28', '1');
INSERT INTO `sys_role_menu` VALUES (1306185416331862020, 1266602862673424385, 1278590607124316162, '2020-09-16 18:57:27', '2020-09-16 18:57:28', '1');
INSERT INTO `sys_role_menu` VALUES (1306185416331862021, 1266602862673424385, 1278590722295709698, '2020-09-16 18:57:27', '2020-09-16 18:57:28', '1');
INSERT INTO `sys_role_menu` VALUES (1306185416336056321, 1266602862673424385, 1278591081789505537, '2020-09-16 18:57:27', '2020-09-16 18:57:28', '1');
INSERT INTO `sys_role_menu` VALUES (1306185416336056322, 1266602862673424385, 1278597717304262657, '2020-09-16 18:57:27', '2020-09-16 18:57:28', '1');
INSERT INTO `sys_role_menu` VALUES (1306185416336056323, 1266602862673424385, 1278597870757068802, '2020-09-16 18:57:27', '2020-09-16 18:57:28', '1');
INSERT INTO `sys_role_menu` VALUES (1306185416340250625, 1266602862673424385, 1278597954894807041, '2020-09-16 18:57:27', '2020-09-16 18:57:28', '1');
INSERT INTO `sys_role_menu` VALUES (1306185416340250626, 1266602862673424385, 1278598043348484097, '2020-09-16 18:57:27', '2020-09-16 18:57:28', '1');
INSERT INTO `sys_role_menu` VALUES (1306185426691792898, 1266602862673424385, 1266609680929812482, '2020-09-16 18:57:28', '2020-09-16 18:57:28', '0');
INSERT INTO `sys_role_menu` VALUES (1306185426695987201, 1266602862673424385, 1269182567884824577, '2020-09-16 18:57:28', '2020-09-16 18:57:28', '0');
INSERT INTO `sys_role_menu` VALUES (1306185426695987202, 1266602862673424385, 1266609688374702056, '2020-09-16 18:57:28', '2020-09-16 18:57:28', '0');
INSERT INTO `sys_role_menu` VALUES (1306185426695987203, 1266602862673424385, 1266609687338708993, '2020-09-16 18:57:28', '2020-09-16 18:57:28', '0');
INSERT INTO `sys_role_menu` VALUES (1306185426700181506, 1266602862673424385, 1266609688373414182, '2020-09-16 18:57:28', '2020-09-16 18:57:28', '0');
INSERT INTO `sys_role_menu` VALUES (1306185426700181507, 1266602862673424385, 1266609686365630466, '2020-09-16 18:57:28', '2020-09-16 18:57:28', '0');
INSERT INTO `sys_role_menu` VALUES (1306185426704375809, 1266602862673424385, 1278585905275977729, '2020-09-16 18:57:28', '2020-09-16 18:57:28', '0');
INSERT INTO `sys_role_menu` VALUES (1306185426704375810, 1266602862673424385, 1278585292190367745, '2020-09-16 18:57:29', '2020-09-16 18:57:29', '0');
INSERT INTO `sys_role_menu` VALUES (1306185426704375811, 1266602862673424385, 1278585492409663489, '2020-09-16 18:57:29', '2020-09-16 18:57:29', '0');
INSERT INTO `sys_role_menu` VALUES (1306185426704375812, 1266602862673424385, 1278586352086794242, '2020-09-16 18:57:29', '2020-09-16 18:57:29', '0');
INSERT INTO `sys_role_menu` VALUES (1306185426708570113, 1266602862673424385, 1278590442028122114, '2020-09-16 18:57:29', '2020-09-16 18:57:29', '0');
INSERT INTO `sys_role_menu` VALUES (1306185426708570114, 1266602862673424385, 1278590607124316162, '2020-09-16 18:57:29', '2020-09-16 18:57:29', '0');
INSERT INTO `sys_role_menu` VALUES (1306185426708570115, 1266602862673424385, 1278590722295709698, '2020-09-16 18:57:29', '2020-09-16 18:57:29', '0');
INSERT INTO `sys_role_menu` VALUES (1306185426708570116, 1266602862673424385, 1278591081789505537, '2020-09-16 18:57:29', '2020-09-16 18:57:29', '0');
INSERT INTO `sys_role_menu` VALUES (1306185426712764417, 1266602862673424385, 1278597717304262657, '2020-09-16 18:57:29', '2020-09-16 18:57:29', '0');
INSERT INTO `sys_role_menu` VALUES (1306185426712764418, 1266602862673424385, 1278597870757068802, '2020-09-16 18:57:29', '2020-09-16 18:57:29', '0');
INSERT INTO `sys_role_menu` VALUES (1306185426712764419, 1266602862673424385, 1278597954894807041, '2020-09-16 18:57:29', '2020-09-16 18:57:29', '0');
INSERT INTO `sys_role_menu` VALUES (1306185426716958721, 1266602862673424385, 1278598043348484097, '2020-09-16 18:57:30', '2020-09-16 18:57:30', '0');
COMMIT;

-- ----------------------------
-- Table structure for sys_user
-- ----------------------------
DROP TABLE IF EXISTS `sys_user`;
CREATE TABLE `sys_user` (
  `id` bigint(32) NOT NULL COMMENT '数据主键',
  `username` varchar(40) NOT NULL COMMENT '用户名',
  `password` varchar(255) NOT NULL COMMENT '用户密码',
  `nickname` varchar(40) NOT NULL COMMENT '昵称',
  `avatar` varchar(255) NOT NULL DEFAULT '' COMMENT '头像',
  `lock_flag` varchar(1) DEFAULT '0' COMMENT '账户锁定标记，0正常，1锁定，默认0',
  `create_time` datetime DEFAULT CURRENT_TIMESTAMP COMMENT '创建时间',
  `update_time` datetime DEFAULT CURRENT_TIMESTAMP ON UPDATE CURRENT_TIMESTAMP COMMENT '更新时间',
  `del_flag` varchar(1) DEFAULT '0' COMMENT '数据删除标记，0正常，1删除，默认0',
  PRIMARY KEY (`id`) USING BTREE
) ENGINE=InnoDB DEFAULT CHARSET=utf8 ROW_FORMAT=DYNAMIC COMMENT='系统用户';

-- ----------------------------
-- Records of sys_user
-- ----------------------------
BEGIN;
INSERT INTO `sys_user` VALUES (1266596803208589300, 'admin', 'b1362ef23415f86780ddfdaa76aea641', '系统管理员', '', '0', '2020-05-16 10:44:15', '2020-09-09 18:52:01', '0');
INSERT INTO `sys_user` VALUES (1266596845319401497, 'lin', 'b1362ef23415f86780ddfdaa76aea641', '林秉杰', '', '0', '2020-05-30 13:06:36', '2020-09-09 18:52:05', '0');
INSERT INTO `sys_user` VALUES (1268171811510611970, 'wang', 'b1362ef23415f86780ddfdaa76aea641', '王大锤', '', '0', '2020-06-03 21:24:56', '2020-09-02 00:26:30', '0');
INSERT INTO `sys_user` VALUES (1268172194513481730, 'who am I', 'b1362ef23415f86780ddfdaa76aea641', '我是谁', '', '0', '2020-06-03 21:26:27', '2020-09-02 00:26:35', '0');
COMMIT;

-- ----------------------------
-- Table structure for sys_user_role
-- ----------------------------
DROP TABLE IF EXISTS `sys_user_role`;
CREATE TABLE `sys_user_role` (
  `id` bigint(32) NOT NULL COMMENT '数据主键',
  `user_id` bigint(32) NOT NULL COMMENT '用户id',
  `role_id` bigint(32) NOT NULL COMMENT '角色id',
  `create_time` datetime DEFAULT CURRENT_TIMESTAMP COMMENT '创建时间',
  `update_time` datetime DEFAULT CURRENT_TIMESTAMP ON UPDATE CURRENT_TIMESTAMP COMMENT '更新时间',
  `del_flag` varchar(1) DEFAULT '0' COMMENT '数据删除标记，0正常，1删除，默认0',
  PRIMARY KEY (`id`) USING BTREE,
  KEY `sys_user_role_ibfk_1` (`user_id`),
  KEY `sys_user_role_ibfk_2` (`role_id`)
) ENGINE=InnoDB DEFAULT CHARSET=utf8 ROW_FORMAT=DYNAMIC COMMENT='用户-角色';

-- ----------------------------
-- Records of sys_user_role
-- ----------------------------
BEGIN;
INSERT INTO `sys_user_role` VALUES (1270675128243761153, 1266596803208589300, 1266602862673424385, '2020-06-10 19:12:13', '2020-06-10 19:12:13', '0');
INSERT INTO `sys_user_role` VALUES (1270675192160759810, 1266596845319401497, 1266602862673424385, '2020-06-10 19:12:28', '2020-06-10 19:12:28', '0');
INSERT INTO `sys_user_role` VALUES (1270675208417882113, 1268171811510611970, 1266606961674448898, '2020-06-10 19:12:32', '2020-06-10 19:12:32', '0');
INSERT INTO `sys_user_role` VALUES (1270675224222019586, 1268172194513481730, 1266606961674448898, '2020-06-10 19:12:36', '2020-06-10 19:12:36', '0');
COMMIT;

SET FOREIGN_KEY_CHECKS = 1;
